<?xml version="1.0" encoding="UTF-8"?>
<project-private xmlns="http://www.netbeans.org/ns/project-private/1">
    <editor-bookmarks xmlns="http://www.netbeans.org/ns/editor-bookmarks/2" lastBookmarkId="0"/>
    <open-files xmlns="http://www.netbeans.org/ns/projectui-open-files/2">
        <group>
            <file>file:/C:/Users/danie/OneDrive/Documentos/NetBeansProjects/taller6/src/taller6/RecoleccionDatos.java</file>
            <file>file:/C:/Users/danie/OneDrive/Documentos/NetBeansProjects/taller6/src/taller6/DatosPaciente.java</file>
            <file>file:/C:/Users/danie/OneDrive/Documentos/NetBeansProjects/taller6/src/taller6/Botones.java</file>
        </group>
    </open-files>
</project-private>
